context,title,body
Contest for benefit,Join Our Exciting Contest for a Chance to Win Big!,"We hope this message finds you well and filled with excitement! At [Your Company Name], we're always looking for ways to reward our valued customers, and we're thrilled to introduce an incredible opportunity just for youâ€”a chance to participate in our exciting contest and win amazing prizes!

Here's what you need to know about this fantastic contest:

Contest Details:

Contest Name: [Contest Name]
Prize Pool: [Total Prize Value]
Duration: [Contest Start Date] to [Contest End Date]
Prizes at Stake:

[List of Prizes with Descriptions]
Grand Prize: [Description of Grand Prize]
Second Prize: [Description of Second Prize]
Consolation Prizes: [Description of Consolation Prizes]
And much more!
Why You Should Join:

This contest is our way of showing appreciation for your loyalty.
You stand a chance to win incredible prizes worth [Total Prize Value].
It's a fun and exciting way to engage with our community of customers.
Don't miss out on the thrill of competing for the grand prize and other exciting rewards!
We encourage you to take part in this thrilling contest and make your journey with [Your Company Name] even more memorable. Your participation could lead to you becoming one of our lucky winners!

For any questions or clarifications, please feel free to contact our dedicated contest support team at [Contest Support Email] or [Contest Support Phone Number].

Thank you for being a valued member of the [Your Company Name] family. We can't wait to see you join the contest and wish you the best of luck!
"
